,customer_id,android_id,apple_id
0,1,Googl3311,
1,37,Googl5304,
2,7,Googl4090,
3,9,Googl1701,
4,10,Googl2629,
5,12,Googl2158,
6,14,Googl6020,
7,16,Googl1276,
8,17,Googl6175,
9,18,Googl2353,
10,20,Googl1097,
11,23,Googl5809,
12,26,Googl1915,
13,29,Googl3778,
14,31,Googl1511,
15,32,Googl5144,
16,36,Googl8559,
17,39,Googl7796,
18,40,Googl1219,
19,41,Googl8824,
20,42,Googl8691,
21,44,Googl4548,
22,47,Googl5902,
23,48,Googl4004,
24,50,Googl8531,
25,52,Googl7215,
26,53,Googl3995,
27,54,Googl9051,
28,57,Googl8804,
29,60,Googl4490,
30,67,Googl1749,
31,72,Googl7232,
32,73,Googl3860,
33,75,Googl2571,
34,76,Googl9278,
35,77,Googl2631,
36,84,Googl8238,
37,90,Googl4309,
38,91,Googl5632,
39,93,Googl7893,
40,95,Googl4818,
41,96,Googl5249,
42,97,Googl3377,
43,98,Googl2573,
44,99,Googl6228,
45,103,Googl4602,
46,104,Googl4955,
47,105,Googl4313,
48,107,Googl2255,
49,108,Googl9605,
50,109,Googl5586,
51,110,Googl6838,
52,113,Googl8756,
53,115,Googl3980,
54,116,Googl1931,
55,117,Googl2628,
56,118,Googl6723,
57,123,Googl9072,
58,125,Googl1804,
59,130,Googl5223,
60,131,Googl1997,
61,132,Googl5169,
62,134,Googl3307,
63,136,Googl9722,
64,138,Googl9356,
65,142,Googl4698,
66,144,Googl2460,
67,145,Googl9945,
68,146,Googl9310,
69,148,Googl8787,
70,149,Googl9199,
71,150,Googl7873,
72,151,Googl8167,
73,153,Googl6655,
74,156,Googl1572,
75,157,Googl6194,
76,158,Googl2578,
77,160,Googl2509,
78,161,Googl1326,
79,168,Googl7734,
80,169,Googl1178,
81,170,Googl3976,
82,171,Googl1198,
83,174,Googl7021,
84,175,Googl9630,
85,178,Googl2919,
86,180,Googl1045,
87,181,Googl9343,
88,187,Googl7952,
89,189,Googl4410,
90,190,Googl6928,
91,192,Googl1292,
92,195,Googl1705,
93,198,Googl5135,
94,203,Googl4926,
95,204,Googl8902,
96,207,Googl6664,
97,208,Googl4845,
98,213,Googl3986,
99,215,Googl2388,
100,216,Googl4991,
101,223,Googl8743,
102,227,Googl6066,
103,233,Googl5018,
104,234,Googl8675,
105,236,Googl5125,
106,240,Googl9133,
107,241,Googl9766,
108,243,Googl5814,
109,245,Googl5254,
110,249,Googl9140,
111,251,Googl2618,
112,254,Googl1668,
113,255,Googl8844,
114,258,Googl7335,
115,259,Googl4748,
116,263,Googl1017,
117,264,Googl3456,
118,265,Googl8522,
119,266,Googl8012,
120,274,Googl6139,
121,275,Googl2278,
122,276,Googl2413,
123,279,Googl8118,
124,280,Googl1850,
125,281,Googl3277,
126,283,Googl6670,
127,285,Googl6083,
128,287,Googl3418,
129,289,Googl8928,
130,290,Googl7600,
131,293,Googl7923,
132,296,Googl3633,
133,299,Googl9963,
134,303,Googl5714,
135,304,Googl4703,
136,305,Googl7996,
137,307,Googl4011,
138,308,Googl2294,
139,310,Googl2652,
140,313,Googl2833,
141,316,Googl5270,
142,317,Googl5000,
143,319,Googl4867,
144,320,Googl2219,
145,322,Googl1263,
146,323,Googl8866,
147,324,Googl1884,
148,330,Googl8103,
149,331,Googl3865,
150,333,Googl1667,
151,335,Googl6014,
152,336,Googl1420,
153,337,Googl9588,
154,339,Googl3830,
155,341,Googl8720,
156,343,Googl7819,
157,344,Googl1634,
158,347,Googl5826,
159,349,Googl6220,
160,350,Googl5198,
161,352,Googl4375,
162,353,Googl3582,
163,355,Googl6766,
164,356,Googl5447,
165,359,Googl3980,
166,365,Googl8370,
167,366,Googl6279,
168,367,Googl2787,
169,372,Googl6095,
170,373,Googl5084,
171,374,Googl1464,
172,377,Googl8295,
173,378,Googl1057,
174,380,Googl8917,
175,382,Googl5529,
176,383,Googl4466,
177,384,Googl3529,
178,388,Googl7565,
179,390,Googl9861,
180,392,Googl4502,
181,395,Googl5553,
182,397,Googl3578,
183,398,Googl3701,
184,401,Googl3635,
185,406,Googl7108,
186,407,Googl7121,
187,409,Googl5722,
188,411,Googl7971,
189,413,Googl4624,
190,415,Googl9251,
191,418,Googl4409,
192,420,Googl5276,
193,421,Googl9211,
194,423,Googl2551,
195,425,Googl3788,
196,426,Googl5625,
197,429,Googl6832,
198,430,Googl1033,
199,431,Googl7997,
200,434,Googl2322,
201,435,Googl9612,
202,437,Googl6437,
203,439,Googl8361,
204,441,Googl5532,
205,445,Googl1787,
206,446,Googl9112,
207,447,Googl5637,
208,448,Googl8544,
209,449,Googl4463,
210,450,Googl7817,
211,452,Googl2323,
212,455,Googl7955,
213,459,Googl1124,
214,463,Googl3651,
215,466,Googl7987,
216,468,Googl5208,
217,469,Googl2845,
218,470,Googl3018,
219,471,Googl4616,
220,472,Googl3707,
221,473,Googl3905,
222,477,Googl2056,
223,482,Googl2068,
224,485,Googl1487,
225,486,Googl1640,
226,488,Googl2591,
227,490,Googl2886,
228,491,Googl8342,
229,492,Googl6271,
230,493,Googl4616,
231,495,Googl2598,
232,498,Googl6985,
233,501,Googl2216,
234,504,Googl8151,
235,507,Googl9383,
236,508,Googl5475,
237,509,Googl2037,
238,510,Googl4156,
239,511,Googl2047,
240,512,Googl5276,
241,513,Googl4943,
242,514,Googl1247,
243,515,Googl5165,
244,522,Googl6501,
245,523,Googl5365,
246,527,Googl9110,
247,528,Googl3954,
248,530,Googl7981,
249,532,Googl2644,
250,533,Googl5896,
251,535,Googl1295,
252,537,Googl8531,
253,540,Googl2164,
254,541,Googl5597,
255,542,Googl7315,
256,550,Googl6262,
257,551,Googl4564,
258,557,Googl6254,
259,559,Googl7476,
260,560,Googl6168,
261,561,Googl2702,
262,563,Googl9533,
263,564,Googl7149,
264,565,Googl5416,
265,567,Googl7078,
266,569,Googl4663,
267,570,Googl1808,
268,576,Googl5930,
269,577,Googl6567,
270,579,Googl8569,
271,583,Googl3076,
272,590,Googl1674,
273,591,Googl4307,
274,596,Googl1707,
275,598,Googl7623,
276,526,,App7563
277,2,,App3455
278,3,,App1844
279,4,,App3615
280,5,,App9781
281,6,,App9147
282,8,,App4014
283,11,,App1767
284,13,,App6703
285,15,,App9519
286,19,,App6592
287,21,,App4934
288,22,,App9893
289,24,,App5846
290,25,,App7444
291,27,,App1674
292,28,,App4140
293,30,,App8114
294,33,,App8648
295,34,,App6581
296,35,,App1277
297,38,,App5260
298,43,,App8361
299,45,,App7669
300,46,,App8117
301,49,,App6753
302,51,,App6678
303,55,,App2245
304,56,,App4665
305,58,,App7991
306,59,,App7222
307,61,,App9894
308,62,,App1487
309,63,,App8601
310,64,,App8406
311,65,,App6272
312,66,,App5737
313,68,,App5998
314,69,,App2066
315,70,,App8877
316,71,,App8297
317,74,,App4809
318,78,,App6494
319,79,,App6141
320,80,,App3081
321,81,,App8451
322,82,,App2604
323,83,,App6955
324,85,,App2612
325,86,,App5308
326,87,,App6331
327,88,,App9129
328,89,,App9448
329,92,,App9945
330,94,,App8332
331,100,,App3827
332,101,,App7349
333,102,,App7288
334,106,,App7313
335,111,,App3051
336,112,,App6413
337,114,,App1422
338,119,,App3509
339,120,,App6475
340,121,,App2259
341,122,,App6558
342,124,,App5999
343,126,,App9624
344,127,,App3095
345,128,,App5501
346,129,,App7068
347,133,,App5543
348,135,,App5649
349,137,,App2863
350,139,,App9853
351,140,,App1567
352,141,,App8827
353,143,,App6004
354,147,,App6742
355,152,,App2278
356,154,,App4559
357,155,,App3724
358,159,,App6781
359,162,,App7861
360,163,,App8834
361,164,,App5638
362,165,,App1334
363,166,,App3644
364,167,,App4118
365,172,,App8728
366,173,,App9678
367,176,,App5106
368,177,,App4664
369,179,,App8176
370,182,,App3677
371,183,,App9678
372,184,,App8474
373,185,,App7324
374,186,,App4662
375,188,,App3166
376,191,,App4754
377,193,,App6026
378,194,,App7989
379,196,,App3500
380,197,,App1360
381,199,,App4309
382,200,,App3932
383,201,,App2501
384,202,,App5599
385,205,,App6516
386,206,,App8362
387,209,,App7513
388,210,,App1852
389,211,,App2045
390,212,,App9337
391,214,,App4755
392,217,,App7473
393,218,,App7207
394,219,,App7030
395,220,,App2809
396,221,,App5545
397,222,,App2892
398,224,,App3320
399,225,,App2739
400,226,,App6118
401,228,,App4826
402,229,,App5059
403,230,,App8193
404,231,,App3855
405,232,,App5558
406,235,,App8616
407,237,,App5204
408,238,,App3052
409,239,,App1783
410,242,,App2183
411,244,,App1909
412,246,,App1641
413,247,,App7036
414,248,,App2064
415,250,,App5275
416,252,,App5776
417,253,,App4801
418,256,,App2203
419,257,,App9790
420,260,,App8129
421,261,,App5775
422,262,,App5594
423,267,,App1420
424,268,,App2146
425,269,,App4552
426,270,,App2732
427,271,,App4183
428,272,,App4603
429,273,,App4415
430,277,,App5352
431,278,,App7793
432,282,,App4352
433,284,,App7746
434,286,,App3918
435,288,,App4030
436,291,,App5293
437,292,,App4602
438,294,,App5354
439,295,,App2314
440,297,,App9064
441,298,,App7700
442,300,,App5772
443,301,,App9246
444,302,,App9117
445,306,,App1109
446,309,,App3578
447,311,,App5170
448,312,,App3872
449,314,,App8707
450,315,,App3771
451,318,,App3824
452,321,,App4329
453,325,,App7421
454,326,,App3067
455,327,,App7519
456,328,,App4379
457,329,,App3909
458,332,,App7274
459,334,,App4595
460,338,,App7024
461,340,,App1823
462,342,,App8240
463,345,,App4765
464,346,,App9737
465,348,,App9916
466,351,,App4259
467,354,,App1286
468,357,,App3293
469,358,,App2820
470,360,,App9717
471,361,,App1165
472,362,,App2199
473,363,,App9865
474,364,,App7317
475,368,,App5526
476,369,,App6195
477,370,,App3007
478,371,,App4577
479,375,,App6715
480,376,,App6872
481,379,,App6849
482,381,,App3428
483,385,,App3497
484,386,,App3350
485,387,,App9980
486,389,,App3607
487,391,,App2100
488,393,,App2911
489,394,,App1011
490,396,,App1755
491,399,,App2961
492,400,,App2687
493,402,,App4410
494,403,,App8070
495,404,,App6418
496,405,,App2635
497,408,,App8149
498,410,,App7120
499,412,,App5223
500,414,,App2173
501,416,,App7235
502,417,,App5794
503,419,,App7512
504,422,,App7260
505,424,,App7930
506,427,,App8394
507,428,,App3086
508,432,,App2322
509,433,,App4113
510,436,,App5546
511,438,,App3729
512,440,,App4827
513,442,,App1495
514,443,,App6971
515,444,,App2967
516,451,,App4208
517,453,,App9867
518,454,,App3842
519,456,,App2186
520,457,,App1712
521,458,,App9137
522,460,,App8193
523,461,,App1490
524,462,,App1183
525,464,,App5415
526,465,,App5722
527,467,,App6298
528,474,,App4604
529,475,,App7214
530,476,,App9013
531,478,,App2870
532,479,,App4977
533,480,,App8749
534,481,,App6722
535,483,,App4475
536,484,,App4206
537,487,,App5522
538,489,,App3347
539,494,,App7583
540,496,,App2158
541,497,,App4646
542,499,,App3023
543,500,,App6026
544,502,,App8931
545,503,,App6140
546,505,,App1734
547,506,,App4912
548,516,,App3304
549,517,,App6017
550,518,,App1659
551,519,,App2328
552,520,,App5776
553,521,,App4584
554,525,,App1789
555,529,,App2240
556,531,,App9294
557,534,,App9232
558,536,,App7099
559,538,,App8948
560,539,,App8630
561,543,,App5680
562,544,,App5060
563,545,,App8548
564,546,,App4908
565,547,,App2554
566,548,,App2560
567,549,,App5740
568,552,,App3914
569,553,,App4590
570,554,,App3833
571,555,,App6545
572,556,,App2345
573,558,,App4763
574,562,,App1542
575,566,,App4071
576,568,,App3237
577,571,,App5942
578,572,,App8907
579,573,,App4899
580,574,,App8069
581,575,,App9747
582,578,,App8997
583,580,,App6689
584,581,,App8691
585,582,,App5697
586,584,,App1197
587,585,,App9043
588,586,,App9530
589,587,,App2436
590,588,,App3942
591,589,,App9094
592,592,,App6699
593,593,,App9019
594,594,,App1210
595,595,,App3222
596,597,,App6560
597,599,,App1773
598,524,,App2176
